{
  "string_similarity_mean": 0.026697200250153142,
  "string_similarity_std": 0.01363773629399787,
  "string_similarity_min": 0.0,
  "string_similarity_max": 0.07738095238095233,
  "string_similarity_median": 0.026666962966255148,
  "rouge_l_mean": 0.05232620213223162,
  "rouge_l_std": 0.020556207728639232,
  "rouge_l_min": 0.0,
  "rouge_l_max": 0.1095890410958904,
  "rouge_l_median": 0.052672254919445924,
  "bleu_mean": 0.008301556320876756,
  "bleu_std": 0.005050454519715914,
  "bleu_min": 3.1900011900924525e-12,
  "bleu_max": 0.02576379997019704,
  "bleu_median": 0.00828080528701812,
  "mece_score_mean": 0.048933333333333336,
  "mece_score_std": 0.17390730608893668,
  "mece_score_min": 0.0,
  "mece_score_max": 0.96,
  "mece_score_median": 0.0,
  "mece_compliant_mean": 0.02,
  "mece_compliant_std": 0.13999999999999996,
  "mece_compliant_min": 0.0,
  "mece_compliant_max": 1.0,
  "mece_compliant_median": 0.0,
  "mece_compliant_rate": 0.02,
  "depth_score_mean": 0.08666666666666664,
  "depth_score_std": 0.21919042963698127,
  "depth_score_min": 0.0,
  "depth_score_max": 1.0,
  "depth_score_median": 0.0,
  "constraint_score_mean": 0.05,
  "constraint_score_std": 0.21794494717703367,
  "constraint_score_min": 0.0,
  "constraint_score_max": 1.0,
  "constraint_score_median": 0.0,
  "grouping_score_mean": 0.028999999999999998,
  "grouping_score_std": 0.13137351331223504,
  "grouping_score_min": 0.0,
  "grouping_score_max": 0.9,
  "grouping_score_median": 0.0,
  "max_depth_mean": 0.29,
  "max_depth_std": 0.8036790404135223,
  "max_depth_min": 0.0,
  "max_depth_max": 5.0,
  "max_depth_median": 0.0,
  "total_points_mean": 0.48,
  "total_points_std": 1.4316424134538623,
  "total_points_min": 0.0,
  "total_points_max": 10.0,
  "total_points_median": 0.0,
  "generation_time_mean": 4.909932119846344,
  "generation_time_std": 3.2867297357925582,
  "generation_time_min": 0.4550507068634033,
  "generation_time_max": 18.979913473129272,
  "generation_time_median": 4.194239497184753,
  "generated_length_mean": 885.89,
  "generated_length_std": 572.6626038951731,
  "generated_length_min": 56.0,
  "generated_length_max": 3062.0,
  "generated_length_median": 777.5,
  "reference_length_mean": 1362.43,
  "reference_length_std": 483.06016716347045,
  "reference_length_min": 591.0,
  "reference_length_max": 3381.0,
  "reference_length_median": 1322.0,
  "by_severity": {
    "low severity": {
      "count": 30,
      "mece_score_mean": 0.0688888888888889,
      "rouge_l_mean": 0.05554056426692641,
      "mece_compliant_rate": 0.03333333333333333
    },
    "medium severity": {
      "count": 59,
      "mece_score_mean": 0.01807909604519774,
      "rouge_l_mean": 0.04926395917344921,
      "mece_compliant_rate": 0.0
    },
    "high severity": {
      "count": 11,
      "mece_score_mean": 0.16,
      "rouge_l_mean": 0.059984517634715066,
      "mece_compliant_rate": 0.09090909090909091
    }
  },
  "total_samples": 100,
  "successful_samples": 100,
  "failed_samples": 0
}