{
  "string_similarity_mean": 0.0296327357803086,
  "string_similarity_std": 0.013166784416040713,
  "string_similarity_min": 0.0060240963855421326,
  "string_similarity_max": 0.05714285714285716,
  "string_similarity_median": 0.029312119392743807,
  "rouge_l_mean": 0.05557539043016106,
  "rouge_l_std": 0.021330666358072996,
  "rouge_l_min": 0.020905923344947733,
  "rouge_l_max": 0.10198300283286119,
  "rouge_l_median": 0.05375955692011317,
  "bleu_mean": 0.008162578961966628,
  "bleu_std": 0.003735570859257733,
  "bleu_min": 0.0009518975131308865,
  "bleu_max": 0.017071184017380874,
  "bleu_median": 0.007937327691149094,
  "mece_score_mean": 0.13133333333333336,
  "mece_score_std": 0.2969257295838286,
  "mece_score_min": 0.0,
  "mece_score_max": 0.96,
  "mece_score_median": 0.0,
  "mece_compliant_mean": 0.1,
  "mece_compliant_std": 0.30000000000000004,
  "mece_compliant_min": 0.0,
  "mece_compliant_max": 1.0,
  "mece_compliant_median": 0.0,
  "mece_compliant_rate": 0.1,
  "depth_score_mean": 0.16666666666666666,
  "depth_score_std": 0.32489314482696546,
  "depth_score_min": 0.0,
  "depth_score_max": 1.0,
  "depth_score_median": 0.0,
  "constraint_score_mean": 0.15,
  "constraint_score_std": 0.3570714214271425,
  "constraint_score_min": 0.0,
  "constraint_score_max": 1.0,
  "constraint_score_median": 0.0,
  "grouping_score_mean": 0.095,
  "grouping_score_std": 0.23764469276632294,
  "grouping_score_min": 0.0,
  "grouping_score_max": 0.9,
  "grouping_score_median": 0.0,
  "max_depth_mean": 0.65,
  "max_depth_std": 1.388344337691482,
  "max_depth_min": 0.0,
  "max_depth_max": 5.0,
  "max_depth_median": 0.0,
  "total_points_mean": 0.9,
  "total_points_std": 1.6401219466856727,
  "total_points_min": 0.0,
  "total_points_max": 5.0,
  "total_points_median": 0.0,
  "generation_time_mean": 6.092633152008057,
  "generation_time_std": 3.236406329313154,
  "generation_time_min": 1.4232068061828613,
  "generation_time_max": 13.72576093673706,
  "generation_time_median": 5.731583476066589,
  "generated_length_mean": 1075.95,
  "generated_length_std": 576.039015605714,
  "generated_length_min": 249.0,
  "generated_length_max": 2150.0,
  "generated_length_median": 1004.0,
  "reference_length_mean": 1534.85,
  "reference_length_std": 686.7440043422295,
  "reference_length_min": 815.0,
  "reference_length_max": 3381.0,
  "reference_length_median": 1260.0,
  "by_severity": {
    "low severity": {
      "count": 6,
      "mece_score_mean": 0.15555555555555556,
      "rouge_l_mean": 0.06259069448834868,
      "mece_compliant_rate": 0.16666666666666666
    },
    "medium severity": {
      "count": 12,
      "mece_score_mean": 0.061111111111111116,
      "rouge_l_mean": 0.04857035626699204,
      "mece_compliant_rate": 0.0
    },
    "high severity": {
      "count": 2,
      "mece_score_mean": 0.48,
      "rouge_l_mean": 0.07655968323461242,
      "mece_compliant_rate": 0.5
    }
  },
  "total_samples": 20,
  "successful_samples": 20,
  "failed_samples": 0,
  "detailed_results": [
    {
      "string_similarity": 0.044554455445544594,
      "rouge_l": 0.10198300283286119,
      "bleu": 0.017071184017380874,
      "depth_ok": 0.0,
      "max_depth": 0.0,
      "depth_score": 0.0,
      "per_parent_constraint_ok": 1.0,
      "constraint_score": 0.0,
      "grouping_score": 0.0,
      "total_points": 0.0,
      "mece_compliant": 0.0,
      "mece_score": 0.0,
      "index": 0,
      "description": "my mother is having low grade fever for two months with drastic weight loss kindly advise",
      "status": "high severity",
      "generation_time": 7.931335926055908,
      "success": true,
      "generated_length": 1357,
      "reference_length": 1166
    },
    {
      "string_similarity": 0.03053435114503822,
      "rouge_l": 0.056555269922879174,
      "bleu": 0.008186289517527584,
      "depth_ok": 0.0,
      "max_depth": 1.0,
      "depth_score": 0.3333333333333333,
      "per_parent_constraint_ok": 1.0,
      "constraint_score": 0.0,
      "grouping_score": 0.0,
      "total_points": 4.0,
      "mece_compliant": 0.0,
      "mece_score": 0.06666666666666667,
      "index": 1,
      "description": "after taking co altria for sinusitis I experience dryness of mouth and headache why",
      "status": "low severity",
      "generation_time": 13.72576093673706,
      "success": true,
      "generated_length": 2150,
      "reference_length": 929
    },
    {
      "string_similarity": 0.013698630136986356,
      "rouge_l": 0.022641509433962263,
      "bleu": 0.0009518975131308865,
      "depth_ok": 0.0,
      "max_depth": 0.0,
      "depth_score": 0.0,
      "per_parent_constraint_ok": 1.0,
      "constraint_score": 0.0,
      "grouping_score": 0.0,
      "total_points": 0.0,
      "mece_compliant": 0.0,
      "mece_score": 0.0,
      "index": 2,
      "description": "I have stomach erosion with burning sensation and bloating please suggest treatment",
      "status": "medium severity",
      "generation_time": 1.4707491397857666,
      "success": true,
      "generated_length": 275,
      "reference_length": 1557
    },
    {
      "string_similarity": 0.025925925925925908,
      "rouge_l": 0.06627680311890838,
      "bleu": 0.009025306901587213,
      "depth_ok": 0.0,
      "max_depth": 0.0,
      "depth_score": 0.0,
      "per_parent_constraint_ok": 1.0,
      "constraint_score": 0.0,
      "grouping_score": 0.0,
      "total_points": 0.0,
      "mece_compliant": 0.0,
      "mece_score": 0.0,
      "index": 3,
      "description": "what is the best treatment option for wisdom tooth decay extraction or restoration",
      "status": "medium severity",
      "generation_time": 8.579874277114868,
      "success": true,
      "generated_length": 1644,
      "reference_length": 1795
    },
    {
      "string_similarity": 0.0060240963855421326,
      "rouge_l": 0.020905923344947733,
      "bleu": 0.009456920208140412,
      "depth_ok": 0.0,
      "max_depth": 0.0,
      "depth_score": 0.0,
      "per_parent_constraint_ok": 1.0,
      "constraint_score": 0.0,
      "grouping_score": 0.0,
      "total_points": 0.0,
      "mece_compliant": 0.0,
      "mece_score": 0.0,
      "index": 4,
      "description": "what is the reason for swelling around my last tooth",
      "status": "medium severity",
      "generation_time": 5.352686166763306,
      "success": true,
      "generated_length": 1054,
      "reference_length": 988
    },
    {
      "string_similarity": 0.021621621621621623,
      "rouge_l": 0.04678362573099415,
      "bleu": 0.013959657814119099,
      "depth_ok": 0.0,
      "max_depth": 0.0,
      "depth_score": 0.0,
      "per_parent_constraint_ok": 1.0,
      "constraint_score": 0.0,
      "grouping_score": 0.0,
      "total_points": 0.0,
      "mece_compliant": 0.0,
      "mece_score": 0.0,
      "index": 5,
      "description": "I am having painful stomach cramps will I need any surgery",
      "status": "medium severity",
      "generation_time": 6.045204401016235,
      "success": true,
      "generated_length": 1266,
      "reference_length": 1244
    },
    {
      "string_similarity": 0.025316455696202556,
      "rouge_l": 0.042918454935622324,
      "bleu": 0.007688365864770603,
      "depth_ok": 1.0,
      "max_depth": 5.0,
      "depth_score": 1.0,
      "per_parent_constraint_ok": 1.0,
      "constraint_score": 1.0,
      "grouping_score": 0.5,
      "total_points": 5.0,
      "mece_compliant": 1.0,
      "mece_score": 0.8,
      "index": 6,
      "description": "why does my palm sweat a lot",
      "status": "low severity",
      "generation_time": 3.6688787937164307,
      "success": true,
      "generated_length": 499,
      "reference_length": 1196
    },
    {
      "string_similarity": 0.03664921465968585,
      "rouge_l": 0.05442176870748299,
      "bleu": 0.011618907926119432,
      "depth_ok": 0.0,
      "max_depth": 0.0,
      "depth_score": 0.0,
      "per_parent_constraint_ok": 1.0,
      "constraint_score": 0.0,
      "grouping_score": 0.0,