{
  "string_similarity_mean": 0.0296327357803086,
  "string_similarity_std": 0.013166784416040713,
  "string_similarity_min": 0.0060240963855421326,
  "string_similarity_max": 0.05714285714285716,
  "string_similarity_median": 0.029312119392743807,
  "rouge_l_mean": 0.05557539043016106,
  "rouge_l_std": 0.021330666358072996,
  "rouge_l_min": 0.020905923344947733,
  "rouge_l_max": 0.10198300283286119,
  "rouge_l_median": 0.05375955692011317,
  "bleu_mean": 0.008162578961966628,
  "bleu_std": 0.003735570859257733,
  "bleu_min": 0.0009518975131308865,
  "bleu_max": 0.017071184017380874,
  "bleu_median": 0.007937327691149094,
  "mece_score_mean": 0.13133333333333336,
  "mece_score_std": 0.2969257295838286,
  "mece_score_min": 0.0,
  "mece_score_max": 0.96,
  "mece_score_median": 0.0,
  "mece_compliant_mean": 0.1,
  "mece_compliant_std": 0.30000000000000004,
  "mece_compliant_min": 0.0,
  "mece_compliant_max": 1.0,
  "mece_compliant_median": 0.0,
  "mece_compliant_rate": 0.1,
  "depth_score_mean": 0.16666666666666666,
  "depth_score_std": 0.32489314482696546,
  "depth_score_min": 0.0,
  "depth_score_max": 1.0,
  "depth_score_median": 0.0,
  "constraint_score_mean": 0.15,
  "constraint_score_std": 0.3570714214271425,
  "constraint_score_min": 0.0,
  "constraint_score_max": 1.0,
  "constraint_score_median": 0.0,
  "grouping_score_mean": 0.095,
  "grouping_score_std": 0.23764469276632294,
  "grouping_score_min": 0.0,
  "grouping_score_max": 0.9,
  "grouping_score_median": 0.0,
  "max_depth_mean": 0.65,
  "max_depth_std": 1.388344337691482,
  "max_depth_min": 0.0,
  "max_depth_max": 5.0,
  "max_depth_median": 0.0,
  "total_points_mean": 0.9,
  "total_points_std": 1.6401219466856727,
  "total_points_min": 0.0,
  "total_points_max": 5.0,
  "total_points_median": 0.0,
  "generation_time_mean": 6.092633152008057,
  "generation_time_std": 3.236406329313154,
  "generation_time_min": 1.4232068061828613,
  "generation_time_max": 13.72576093673706,
  "generation_time_median": 5.731583476066589,
  "generated_length_mean": 1075.95,
  "generated_length_std": 576.039015605714,
  "generated_length_min": 249.0,
  "generated_length_max": 2150.0,
  "generated_length_median": 1004.0,
  "reference_length_mean": 1534.85,
  "reference_length_std": 686.7440043422295,
  "reference_length_min": 815.0,
  "reference_length_max": 3381.0,
  "reference_length_median": 1260.0,
  "by_severity": {
    "low severity": {
      "count": 6,
      "mece_score_mean": 0.15555555555555556,
      "rouge_l_mean": 0.06259069448834868,
      "mece_compliant_rate": 0.16666666666666666
    },
    "medium severity": {
      "count": 12,
      "mece_score_mean": 0.061111111111111116,
      "rouge_l_mean": 0.04857035626699204,
      "mece_compliant_rate": 0.0
    },
    "high severity": {
      "count": 2,
      "mece_score_mean": 0.48,
      "rouge_l_mean": 0.07655968323461242,
      "mece_compliant_rate": 0.5
    }
  },
  "total_samples": 20,
  "successful_samples": 20,
  "failed_samples": 0
}