{
  "string_similarity_mean": 0.023200145214292426,
  "string_similarity_std": 0.012822679077171138,
  "string_similarity_min": 0.0,
  "string_similarity_max": 0.061855670103092786,
  "string_similarity_median": 0.021980676328502424,
  "rouge_l_mean": 0.04690664251130536,
  "rouge_l_std": 0.02265882071619908,
  "rouge_l_min": 0.0,
  "rouge_l_max": 0.11376146788990825,
  "rouge_l_median": 0.044200244200244196,
  "bleu_mean": 0.008703065321814814,
  "bleu_std": 0.006693741906430277,
  "bleu_min": 4.425857319282648e-09,
  "bleu_max": 0.04026554120990492,
  "bleu_median": 0.008968248328289706,
  "mece_score_mean": 0.07400000000000001,
  "mece_score_std": 0.22428057824470177,
  "mece_score_min": 0.0,
  "mece_score_max": 0.8,
  "mece_score_median": 0.0,
  "mece_compliant_mean": 0.07,
  "mece_compliant_std": 0.25514701644346144,
  "mece_compliant_min": 0.0,
  "mece_compliant_max": 1.0,
  "mece_compliant_median": 0.0,
  "mece_compliant_rate": 0.07,
  "depth_score_mean": 0.1,
  "depth_score_std": 0.27284509239574833,
  "depth_score_min": 0.0,
  "depth_score_max": 1.0,
  "depth_score_median": 0.0,
  "constraint_score_mean": 0.09,
  "constraint_score_std": 0.2861817604250837,
  "constraint_score_min": 0.0,
  "constraint_score_max": 1.0,
  "constraint_score_median": 0.0,
  "grouping_score_mean": 0.045,
  "grouping_score_std": 0.14309088021254185,
  "grouping_score_min": 0.0,
  "grouping_score_max": 0.5,
  "grouping_score_median": 0.0,
  "max_depth_mean": 0.49,
  "max_depth_std": 1.6339828640472336,
  "max_depth_min": 0.0,
  "max_depth_max": 11.0,
  "max_depth_median": 0.0,
  "total_points_mean": 0.52,
  "total_points_std": 1.4729562111617576,
  "total_points_min": 0.0,
  "total_points_max": 8.0,
  "total_points_median": 0.0,
  "generation_time_mean": 5.629237704277038,
  "generation_time_std": 5.2352210399871355,
  "generation_time_min": 0.5890452861785889,
  "generation_time_max": 26.78959894180298,
  "generation_time_median": 3.582854747772217,
  "generated_length_mean": 882.33,
  "generated_length_std": 721.3511496490457,
  "generated_length_min": 86.0,
  "generated_length_max": 3463.0,
  "generated_length_median": 617.5,
  "reference_length_mean": 1362.43,
  "reference_length_std": 483.06016716347045,
  "reference_length_min": 591.0,
  "reference_length_max": 3381.0,
  "reference_length_median": 1322.0,
  "by_severity": {
    "low severity": {
      "count": 30,
      "mece_score_mean": 0.02888888888888889,
      "rouge_l_mean": 0.04770238015229037,
      "mece_compliant_rate": 0.0
    },
    "medium severity": {
      "count": 59,
      "mece_score_mean": 0.08361581920903956,
      "rouge_l_mean": 0.04602722312141829,
      "mece_compliant_rate": 0.0847457627118644
    },
    "high severity": {
      "count": 11,
      "mece_score_mean": 0.14545454545454548,
      "rouge_l_mean": 0.04945333476346763,
      "mece_compliant_rate": 0.18181818181818182
    }
  },
  "total_samples": 100,
  "successful_samples": 100,
  "failed_samples": 0
}