{
  "string_similarity_mean": 0.02461508596611633,
  "string_similarity_std": 0.013936036967205086,
  "string_similarity_min": 0.0,
  "string_similarity_max": 0.07462686567164178,
  "string_similarity_median": 0.022727272727272707,
  "rouge_l_mean": 0.04943956284492583,
  "rouge_l_std": 0.02281887869402733,
  "rouge_l_min": 0.0,
  "rouge_l_max": 0.12779552715654952,
  "rouge_l_median": 0.04776346402802799,
  "bleu_mean": 0.008286308088278882,
  "bleu_std": 0.005583173049187077,
  "bleu_min": 0.0,
  "bleu_max": 0.029705756947864065,
  "bleu_median": 0.008627037687779776,
  "mece_score_mean": 0.039923329682365824,
  "mece_score_std": 0.16123775379329344,
  "mece_score_min": 0.0,
  "mece_score_max": 0.8933333333333333,
  "mece_score_median": 0.0,
  "mece_compliant_mean": 0.030120481927710843,
  "mece_compliant_std": 0.17091880673627838,
  "mece_compliant_min": 0.0,
  "mece_compliant_max": 1.0,
  "mece_compliant_median": 0.0,
  "mece_compliant_rate": 0.030120481927710843,
  "depth_score_mean": 0.06927710843373494,
  "depth_score_std": 0.21228945672946864,
  "depth_score_min": 0.0,
  "depth_score_max": 1.0,
  "depth_score_median": 0.0,
  "constraint_score_mean": 0.04216867469879518,
  "constraint_score_std": 0.20097382310376238,
  "constraint_score_min": 0.0,
  "constraint_score_max": 1.0,
  "constraint_score_median": 0.0,
  "grouping_score_mean": 0.02300109529025192,
  "grouping_score_std": 0.11196548014097658,
  "grouping_score_min": 0.0,
  "grouping_score_max": 0.9,
  "grouping_score_median": 0.0,
  "max_depth_mean": 0.2921686746987952,
  "max_depth_std": 1.1598967010432502,
  "max_depth_min": 0.0,
  "max_depth_max": 11.0,
  "max_depth_median": 0.0,
  "total_points_mean": 0.4578313253012048,
  "total_points_std": 1.6376680807273443,
  "total_points_min": 0.0,
  "total_points_max": 13.0,
  "total_points_median": 0.0,
  "generation_time_mean": 5.630054313016225,
  "generation_time_std": 4.70435808007987,
  "generation_time_min": 0.3567032814025879,
  "generation_time_max": 27.31266498565674,
  "generation_time_median": 4.161839127540588,
  "generated_length_mean": 876.1807228915662,
  "generated_length_std": 667.509683961671,
  "generated_length_min": 19.0,
  "generated_length_max": 3435.0,
  "generated_length_median": 675.0,
  "reference_length_mean": 1362.9126506024097,
  "reference_length_std": 480.8501960535958,
  "reference_length_min": 349.0,
  "reference_length_max": 3469.0,
  "reference_length_median": 1314.0,
  "by_severity": {
    "low severity": {
      "count": 106,
      "mece_score_mean": 0.016352201257861635,
      "rouge_l_mean": 0.04919595286182256,
      "mece_compliant_rate": 0.009433962264150943
    },
    "medium severity": {
      "count": 167,
      "mece_score_mean": 0.052375249500998,
      "rouge_l_mean": 0.04901482978200352,
      "mece_compliant_rate": 0.041916167664670656
    },
    "high severity": {
      "count": 59,
      "mece_score_mean": 0.04702619414483821,
      "rouge_l_mean": 0.05107944555199318,
      "mece_compliant_rate": 0.03389830508474576
    }
  },
  "total_samples": 332,
  "successful_samples": 332,
  "failed_samples": 0
}