{
  "total_samples": 3311,
  "has_structure_rate": 1.0,
  "structure_valid_rate": 0.000906070673512534,
  "avg_depth": 3.2944729688915735,
  "avg_total_points": 31.289640591966172,
  "violation_rate": 0.9990939293264874
}