{
  "string_similarity_mean": 0.020177672146538442,
  "string_similarity_std": 0.00977697006681981,
  "string_similarity_min": 0.0,
  "string_similarity_max": 0.048387096774193505,
  "string_similarity_median": 0.02046385672508494,
  "rouge_l_mean": 0.04005309667592548,
  "rouge_l_std": 0.01706950188366869,
  "rouge_l_min": 0.0,
  "rouge_l_max": 0.09523809523809525,
  "rouge_l_median": 0.040334200985404856,
  "bleu_mean": 0.007303552304832552,
  "bleu_std": 0.004071246208236605,
  "bleu_min": 2.9049901047773353e-08,
  "bleu_max": 0.021015553115076333,
  "bleu_median": 0.0069938242161328695,
  "mece_score_mean": 0.017397590361445784,
  "mece_score_std": 0.09626656512236584,
  "mece_score_min": 0.0,
  "mece_score_max": 0.8959999999999999,
  "mece_score_median": 0.0,
  "mece_compliant_mean": 0.015060240963855422,
  "mece_compliant_std": 0.121792569994914,
  "mece_compliant_min": 0.0,
  "mece_compliant_max": 1.0,
  "mece_compliant_median": 0.0,
  "mece_compliant_rate": 0.015060240963855422,
  "depth_score_mean": 0.04718875502008031,
  "depth_score_std": 0.15984679908409996,
  "depth_score_min": 0.0,
  "depth_score_max": 1.0,
  "depth_score_median": 0.0,
  "constraint_score_mean": 0.012048192771084338,
  "constraint_score_std": 0.10910102576069175,
  "constraint_score_min": 0.0,
  "constraint_score_max": 1.0,
  "constraint_score_median": 0.0,
  "grouping_score_mean": 0.00785140562248996,
  "grouping_score_std": 0.07180081314608643,
  "grouping_score_min": 0.0,
  "grouping_score_max": 0.74,
  "grouping_score_median": 0.0,
  "max_depth_mean": 0.15963855421686746,
  "max_depth_std": 0.6222267548226987,
  "max_depth_min": 0.0,
  "max_depth_max": 7.0,
  "max_depth_median": 0.0,
  "total_points_mean": 0.3042168674698795,
  "total_points_std": 1.1926912167491925,
  "total_points_min": 0.0,
  "total_points_max": 10.0,
  "total_points_median": 0.0,
  "generation_time_mean": 10.05649914152651,
  "generation_time_std": 7.849984856576989,
  "generation_time_min": 0.5508003234863281,
  "generation_time_max": 34.691046476364136,
  "generation_time_median": 7.051049590110779,
  "generated_length_mean": 2210.4427710843374,
  "generated_length_std": 1892.8304472790314,
  "generated_length_min": 52.0,
  "generated_length_max": 7306.0,
  "generated_length_median": 1484.5,
  "reference_length_mean": 1362.9126506024097,
  "reference_length_std": 480.8501960535958,
  "reference_length_min": 349.0,
  "reference_length_max": 3469.0,
  "reference_length_median": 1314.0,
  "by_severity": {
    "low severity": {
      "count": 106,
      "mece_score_mean": 0.02480503144654088,
      "rouge_l_mean": 0.03971510863200219,
      "mece_compliant_rate": 0.018867924528301886
    },
    "medium severity": {
      "count": 167,
      "mece_score_mean": 0.01724550898203593,
      "rouge_l_mean": 0.04149681729017683,
      "mece_compliant_rate": 0.017964071856287425
    },
    "high severity": {
      "count": 59,
      "mece_score_mean": 0.004519774011299435,
      "rouge_l_mean": 0.03657386599924565,
      "mece_compliant_rate": 0.0
    }
  },
  "total_samples": 332,
  "successful_samples": 332,
  "failed_samples": 0
}